id,name ,description ,thumbnail ,price,rating,priceDiscount
1,Sebastiano,"Curabitur in libero ut massa volutpat convallis. Morbi odio odio, elementum eu, interdum eu, tincidunt in, leo. Maecenas pulvinar lobortis est.

Phasellus sit amet erat. Nulla tempus. Vivamus in felis eu sapien cursus vestibulum.",https://ask.com/condimentum/id/luctus.png?at=rhoncus&feugiat=mauris&non=enim&pretium=leo&quis=rhoncus&lectus=sed&suspendisse=vestibulum&potenti=sit&in=amet&eleifend=cursus&quam=id&a=turpis&odio=integer&in=aliquet&hac=massa&habitasse=id&platea=lobortis&dictumst=convallis&maecenas=tortor&ut=risus&massa=dapibus&quis=augue&augue=vel&luctus=accumsan&tincidunt=tellus&nulla=nisi&mollis=eu&molestie=orci&lorem=mauris&quisque=lacinia&ut=sapien&erat=quis&curabitur=libero&gravida=nullam&nisi=sit&at=amet&nibh=turpis&in=elementum&hac=ligula&habitasse=vehicula&platea=consequat&dictumst=morbi&aliquam=a&augue=ipsum&quam=integer&sollicitudin=a&vitae=nibh&consectetuer=in&eget=quis&rutrum=justo&at=maecenas&lorem=rhoncus&integer=aliquam&tincidunt=lacus&ante=morbi&vel=quis&ipsum=tortor&praesent=id&blandit=nulla&lacinia=ultrices&erat=aliquet&vestibulum=maecenas&sed=leo&magna=odio&at=condimentum&nunc=id&commodo=luctus&placerat=nec&praesent=molestie&blandit=sed&nam=justo&nulla=pellentesque&integer=viverra&pede=pede&justo=ac&lacinia=diam&eget=cras&tincidunt=pellentesque,209,1.4,"Syntax error in formula 'if (random(1, 5) == 1) { null } else { random(50, 500) }'"
2,Merrile,"Proin interdum mauris non ligula pellentesque ultrices. Phasellus id sapien in sapien iaculis congue. Vivamus metus arcu, adipiscing molestie, hendrerit at, vulputate vitae, nisl.

Aenean lectus. Pellentesque eget nunc. Donec quis orci eget orci vehicula condimentum.

Curabitur in libero ut massa volutpat convallis. Morbi odio odio, elementum eu, interdum eu, tincidunt in, leo. Maecenas pulvinar lobortis est.",http://psu.edu/semper/est/quam/pharetra/magna/ac.jpg?ante=ac&vivamus=nulla&tortor=sed&duis=vel&mattis=enim&egestas=sit&metus=amet&aenean=nunc&fermentum=viverra&donec=dapibus&ut=nulla&mauris=suscipit&eget=ligula&massa=in&tempor=lacus&convallis=curabitur&nulla=at&neque=ipsum&libero=ac&convallis=tellus&eget=semper&eleifend=interdum&luctus=mauris&ultricies=ullamcorper&eu=purus&nibh=sit,342,1.9,"Syntax error in formula 'if (random(1, 5) == 1) { null } else { random(50, 500) }'"
3,Phineas,"Aenean lectus. Pellentesque eget nunc. Donec quis orci eget orci vehicula condimentum.

Curabitur in libero ut massa volutpat convallis. Morbi odio odio, elementum eu, interdum eu, tincidunt in, leo. Maecenas pulvinar lobortis est.

Phasellus sit amet erat. Nulla tempus. Vivamus in felis eu sapien cursus vestibulum.",http://nba.com/ac/diam/cras/pellentesque/volutpat/dui.html?ut=id&massa=justo&volutpat=sit&convallis=amet&morbi=sapien&odio=dignissim&odio=vestibulum&elementum=vestibulum&eu=ante&interdum=ipsum&eu=primis&tincidunt=in&in=faucibus&leo=orci&maecenas=luctus&pulvinar=et&lobortis=ultrices&est=posuere&phasellus=cubilia&sit=curae&amet=nulla&erat=dapibus&nulla=dolor&tempus=vel&vivamus=est&in=donec&felis=odio&eu=justo&sapien=sollicitudin&cursus=ut&vestibulum=suscipit&proin=a&eu=feugiat&mi=et&nulla=eros&ac=vestibulum&enim=ac&in=est&tempor=lacinia&turpis=nisi,350,2.2,"Syntax error in formula 'if (random(1, 5) == 1) { null } else { random(50, 500) }'"
4,Kaiser,"Nam ultrices, libero non mattis pulvinar, nulla pede ullamcorper augue, a suscipit nulla elit ac nulla. Sed vel enim sit amet nunc viverra dapibus. Nulla suscipit ligula in lacus.",https://wp.com/mi/nulla/ac.html?interdum=dolor&eu=sit&tincidunt=amet&in=consectetuer&leo=adipiscing&maecenas=elit&pulvinar=proin&lobortis=interdum&est=mauris&phasellus=non&sit=ligula&amet=pellentesque&erat=ultrices&nulla=phasellus&tempus=id&vivamus=sapien&in=in&felis=sapien&eu=iaculis,512,4.3,"Syntax error in formula 'if (random(1, 5) == 1) { null } else { random(50, 500) }'"
5,Torin,"Curabitur gravida nisi at nibh. In hac habitasse platea dictumst. Aliquam augue quam, sollicitudin vitae, consectetuer eget, rutrum at, lorem.

Integer tincidunt ante vel ipsum. Praesent blandit lacinia erat. Vestibulum sed magna at nunc commodo placerat.",https://bigcartel.com/diam/vitae.aspx?tortor=massa&duis=id&mattis=nisl&egestas=venenatis&metus=lacinia&aenean=aenean&fermentum=sit&donec=amet&ut=justo&mauris=morbi&eget=ut&massa=odio&tempor=cras&convallis=mi&nulla=pede&neque=malesuada&libero=in&convallis=imperdiet&eget=et&eleifend=commodo&luctus=vulputate&ultricies=justo&eu=in&nibh=blandit&quisque=ultrices&id=enim&justo=lorem&sit=ipsum&amet=dolor&sapien=sit&dignissim=amet&vestibulum=consectetuer&vestibulum=adipiscing&ante=elit&ipsum=proin&primis=interdum&in=mauris&faucibus=non&orci=ligula&luctus=pellentesque&et=ultrices&ultrices=phasellus&posuere=id,539,4.7,"Syntax error in formula 'if (random(1, 5) == 1) { null } else { random(50, 500) }'"
6,Ysabel,In congue. Etiam justo. Etiam pretium iaculis justo.,http://moonfruit.com/lectus/suspendisse/potenti/in/eleifend.js?eros=cras&viverra=non&eget=velit&congue=nec&eget=nisi&semper=vulputate&rutrum=nonummy&nulla=maecenas&nunc=tincidunt&purus=lacus&phasellus=at&in=velit&felis=vivamus&donec=vel&semper=nulla&sapien=eget&a=eros&libero=elementum&nam=pellentesque&dui=quisque&proin=porta&leo=volutpat&odio=erat&porttitor=quisque&id=erat&consequat=eros&in=viverra&consequat=eget&ut=congue&nulla=eget&sed=semper&accumsan=rutrum&felis=nulla&ut=nunc&at=purus&dolor=phasellus&quis=in&odio=felis&consequat=donec&varius=semper,500,3.4,"Syntax error in formula 'if (random(1, 5) == 1) { null } else { random(50, 500) }'"
7,Marena,Nulla ut erat id mauris vulputate elementum. Nullam varius. Nulla facilisi.,https://pcworld.com/pede/justo/eu/massa/donec/dapibus.js?enim=aenean&leo=sit&rhoncus=amet&sed=justo&vestibulum=morbi&sit=ut&amet=odio&cursus=cras&id=mi&turpis=pede&integer=malesuada&aliquet=in&massa=imperdiet&id=et&lobortis=commodo&convallis=vulputate&tortor=justo&risus=in&dapibus=blandit&augue=ultrices&vel=enim&accumsan=lorem&tellus=ipsum&nisi=dolor&eu=sit&orci=amet&mauris=consectetuer&lacinia=adipiscing&sapien=elit&quis=proin&libero=interdum&nullam=mauris&sit=non&amet=ligula,684,4.4,"Syntax error in formula 'if (random(1, 5) == 1) { null } else { random(50, 500) }'"
8,Hazlett,"Proin eu mi. Nulla ac enim. In tempor, turpis nec euismod scelerisque, quam turpis adipiscing lorem, vitae mattis nibh ligula nec sem.

Duis aliquam convallis nunc. Proin at turpis a pede posuere nonummy. Integer non velit.

Donec diam neque, vestibulum eget, vulputate ut, ultrices vel, augue. Vestibulum ante ipsum primis in faucibus orci luctus et ultrices posuere cubilia Curae; Donec pharetra, magna vestibulum aliquet ultrices, erat tortor sollicitudin mi, sit amet lobortis sapien sapien non mi. Integer ac neque.",http://cbc.ca/nec/euismod/scelerisque.aspx?sapien=rutrum&in=at&sapien=lorem&iaculis=integer&congue=tincidunt&vivamus=ante&metus=vel&arcu=ipsum&adipiscing=praesent&molestie=blandit&hendrerit=lacinia&at=erat&vulputate=vestibulum&vitae=sed&nisl=magna&aenean=at&lectus=nunc&pellentesque=commodo&eget=placerat&nunc=praesent&donec=blandit&quis=nam&orci=nulla&eget=integer&orci=pede&vehicula=justo&condimentum=lacinia&curabitur=eget&in=tincidunt&libero=eget&ut=tempus&massa=vel&volutpat=pede&convallis=morbi&morbi=porttitor&odio=lorem&odio=id&elementum=ligula&eu=suspendisse&interdum=ornare&eu=consequat&tincidunt=lectus&in=in&leo=est&maecenas=risus&pulvinar=auctor&lobortis=sed&est=tristique&phasellus=in&sit=tempus&amet=sit&erat=amet&nulla=sem&tempus=fusce&vivamus=consequat&in=nulla&felis=nisl&eu=nunc&sapien=nisl&cursus=duis&vestibulum=bibendum&proin=felis&eu=sed&mi=interdum&nulla=venenatis&ac=turpis&enim=enim&in=blandit&tempor=mi&turpis=in&nec=porttitor&euismod=pede&scelerisque=justo&quam=eu&turpis=massa&adipiscing=donec&lorem=dapibus&vitae=duis&mattis=at&nibh=velit&ligula=eu,790,4.9,"Syntax error in formula 'if (random(1, 5) == 1) { null } else { random(50, 500) }'"
9,Jacqueline,"Quisque id justo sit amet sapien dignissim vestibulum. Vestibulum ante ipsum primis in faucibus orci luctus et ultrices posuere cubilia Curae; Nulla dapibus dolor vel est. Donec odio justo, sollicitudin ut, suscipit a, feugiat et, eros.

Vestibulum ac est lacinia nisi venenatis tristique. Fusce congue, diam id ornare imperdiet, sapien urna pretium nisl, ut volutpat sapien arcu sed augue. Aliquam erat volutpat.

In congue. Etiam justo. Etiam pretium iaculis justo.",https://imdb.com/mauris/morbi/non/lectus/aliquam/sit/amet.aspx?rutrum=magnis&nulla=dis&nunc=parturient&purus=montes&phasellus=nascetur&in=ridiculus&felis=mus&donec=vivamus&semper=vestibulum&sapien=sagittis&a=sapien&libero=cum&nam=sociis&dui=natoque&proin=penatibus&leo=et&odio=magnis&porttitor=dis&id=parturient&consequat=montes&in=nascetur&consequat=ridiculus&ut=mus&nulla=etiam&sed=vel&accumsan=augue&felis=vestibulum&ut=rutrum&at=rutrum&dolor=neque&quis=aenean&odio=auctor&consequat=gravida&varius=sem&integer=praesent&ac=id&leo=massa&pellentesque=id&ultrices=nisl&mattis=venenatis&odio=lacinia&donec=aenean&vitae=sit&nisi=amet&nam=justo&ultrices=morbi&libero=ut&non=odio&mattis=cras&pulvinar=mi&nulla=pede&pede=malesuada&ullamcorper=in&augue=imperdiet&a=et&suscipit=commodo&nulla=vulputate&elit=justo&ac=in&nulla=blandit&sed=ultrices&vel=enim&enim=lorem&sit=ipsum&amet=dolor&nunc=sit&viverra=amet&dapibus=consectetuer,364,4.2,"Syntax error in formula 'if (random(1, 5) == 1) { null } else { random(50, 500) }'"
10,Urson,"Etiam vel augue. Vestibulum rutrum rutrum neque. Aenean auctor gravida sem.

Praesent id massa id nisl venenatis lacinia. Aenean sit amet justo. Morbi ut odio.

Cras mi pede, malesuada in, imperdiet et, commodo vulputate, justo. In blandit ultrices enim. Lorem ipsum dolor sit amet, consectetuer adipiscing elit.",http://cocolog-nifty.com/commodo/vulputate/justo/in.jpg?magnis=eget&dis=semper&parturient=rutrum&montes=nulla&nascetur=nunc&ridiculus=purus&mus=phasellus&vivamus=in&vestibulum=felis&sagittis=donec&sapien=semper&cum=sapien&sociis=a&natoque=libero&penatibus=nam&et=dui&magnis=proin&dis=leo&parturient=odio&montes=porttitor&nascetur=id&ridiculus=consequat&mus=in&etiam=consequat&vel=ut&augue=nulla&vestibulum=sed&rutrum=accumsan&rutrum=felis&neque=ut&aenean=at&auctor=dolor&gravida=quis&sem=odio&praesent=consequat&id=varius&massa=integer&id=ac&nisl=leo&venenatis=pellentesque&lacinia=ultrices&aenean=mattis&sit=odio&amet=donec&justo=vitae&morbi=nisi&ut=nam&odio=ultrices&cras=libero&mi=non&pede=mattis&malesuada=pulvinar&in=nulla&imperdiet=pede&et=ullamcorper&commodo=augue&vulputate=a&justo=suscipit&in=nulla&blandit=elit&ultrices=ac&enim=nulla&lorem=sed&ipsum=vel&dolor=enim&sit=sit&amet=amet&consectetuer=nunc&adipiscing=viverra&elit=dapibus&proin=nulla&interdum=suscipit&mauris=ligula&non=in&ligula=lacus&pellentesque=curabitur&ultrices=at&phasellus=ipsum&id=ac&sapien=tellus&in=semper&sapien=interdum&iaculis=mauris&congue=ullamcorper&vivamus=purus&metus=sit&arcu=amet&adipiscing=nulla&molestie=quisque&hendrerit=arcu&at=libero&vulputate=rutrum&vitae=ac&nisl=lobortis&aenean=vel&lectus=dapibus&pellentesque=at,824,1.4,"Syntax error in formula 'if (random(1, 5) == 1) { null } else { random(50, 500) }'"
11,Germain,"Fusce consequat. Nulla nisl. Nunc nisl.

Duis bibendum, felis sed interdum venenatis, turpis enim blandit mi, in porttitor pede justo eu massa. Donec dapibus. Duis at velit eu est congue elementum.",http://sourceforge.net/sem/sed/sagittis/nam/congue/risus/semper.json?nascetur=et&ridiculus=ultrices&mus=posuere&etiam=cubilia&vel=curae&augue=duis&vestibulum=faucibus&rutrum=accumsan&rutrum=odio&neque=curabitur&aenean=convallis&auctor=duis&gravida=consequat&sem=dui&praesent=nec&id=nisi&massa=volutpat&id=eleifend&nisl=donec&venenatis=ut&lacinia=dolor&aenean=morbi&sit=vel&amet=lectus&justo=in&morbi=quam&ut=fringilla&odio=rhoncus&cras=mauris&mi=enim&pede=leo&malesuada=rhoncus&in=sed&imperdiet=vestibulum&et=sit&commodo=amet&vulputate=cursus&justo=id&in=turpis&blandit=integer&ultrices=aliquet&enim=massa&lorem=id&ipsum=lobortis&dolor=convallis&sit=tortor&amet=risus&consectetuer=dapibus&adipiscing=augue&elit=vel&proin=accumsan&interdum=tellus&mauris=nisi&non=eu&ligula=orci&pellentesque=mauris&ultrices=lacinia&phasellus=sapien&id=quis&sapien=libero&in=nullam&sapien=sit&iaculis=amet&congue=turpis&vivamus=elementum&metus=ligula&arcu=vehicula&adipiscing=consequat&molestie=morbi&hendrerit=a&at=ipsum&vulputate=integer&vitae=a&nisl=nibh&aenean=in,791,1.6,"Syntax error in formula 'if (random(1, 5) == 1) { null } else { random(50, 500) }'"
12,Yoshi,"Nam ultrices, libero non mattis pulvinar, nulla pede ullamcorper augue, a suscipit nulla elit ac nulla. Sed vel enim sit amet nunc viverra dapibus. Nulla suscipit ligula in lacus.",https://huffingtonpost.com/luctus/et/ultrices/posuere/cubilia.png?quis=feugiat&justo=non&maecenas=pretium&rhoncus=quis&aliquam=lectus&lacus=suspendisse&morbi=potenti&quis=in&tortor=eleifend&id=quam&nulla=a&ultrices=odio&aliquet=in&maecenas=hac&leo=habitasse&odio=platea&condimentum=dictumst&id=maecenas&luctus=ut&nec=massa&molestie=quis&sed=augue&justo=luctus&pellentesque=tincidunt&viverra=nulla&pede=mollis&ac=molestie&diam=lorem&cras=quisque&pellentesque=ut&volutpat=erat&dui=curabitur&maecenas=gravida&tristique=nisi&est=at&et=nibh&tempus=in&semper=hac&est=habitasse&quam=platea&pharetra=dictumst&magna=aliquam&ac=augue&consequat=quam&metus=sollicitudin&sapien=vitae&ut=consectetuer&nunc=eget&vestibulum=rutrum&ante=at&ipsum=lorem&primis=integer&in=tincidunt&faucibus=ante&orci=vel&luctus=ipsum&et=praesent&ultrices=blandit&posuere=lacinia&cubilia=erat&curae=vestibulum&mauris=sed&viverra=magna&diam=at&vitae=nunc,662,1.4,"Syntax error in formula 'if (random(1, 5) == 1) { null } else { random(50, 500) }'"
13,Flori,"In congue. Etiam justo. Etiam pretium iaculis justo.

In hac habitasse platea dictumst. Etiam faucibus cursus urna. Ut tellus.

Nulla ut erat id mauris vulputate elementum. Nullam varius. Nulla facilisi.",https://google.fr/curabitur/convallis/duis/consequat.xml?risus=eleifend&auctor=pede&sed=libero&tristique=quis&in=orci&tempus=nullam&sit=molestie&amet=nibh&sem=in&fusce=lectus&consequat=pellentesque&nulla=at&nisl=nulla&nunc=suspendisse&nisl=potenti&duis=cras&bibendum=in&felis=purus&sed=eu&interdum=magna&venenatis=vulputate,832,4.5,"Syntax error in formula 'if (random(1, 5) == 1) { null } else { random(50, 500) }'"
14,Morie,"Quisque id justo sit amet sapien dignissim vestibulum. Vestibulum ante ipsum primis in faucibus orci luctus et ultrices posuere cubilia Curae; Nulla dapibus dolor vel est. Donec odio justo, sollicitudin ut, suscipit a, feugiat et, eros.

Vestibulum ac est lacinia nisi venenatis tristique. Fusce congue, diam id ornare imperdiet, sapien urna pretium nisl, ut volutpat sapien arcu sed augue. Aliquam erat volutpat.",http://java.com/eu/est/congue/elementum.html?semper=tincidunt&porta=eu&volutpat=felis&quam=fusce&pede=posuere&lobortis=felis&ligula=sed&sit=lacus&amet=morbi&eleifend=sem&pede=mauris&libero=laoreet&quis=ut&orci=rhoncus&nullam=aliquet&molestie=pulvinar&nibh=sed&in=nisl&lectus=nunc&pellentesque=rhoncus&at=dui&nulla=vel&suspendisse=sem&potenti=sed&cras=sagittis&in=nam&purus=congue&eu=risus&magna=semper&vulputate=porta&luctus=volutpat&cum=quam&sociis=pede&natoque=lobortis&penatibus=ligula&et=sit&magnis=amet&dis=eleifend,798,4.7,"Syntax error in formula 'if (random(1, 5) == 1) { null } else { random(50, 500) }'"
15,Ives,"Phasellus sit amet erat. Nulla tempus. Vivamus in felis eu sapien cursus vestibulum.

Proin eu mi. Nulla ac enim. In tempor, turpis nec euismod scelerisque, quam turpis adipiscing lorem, vitae mattis nibh ligula nec sem.",http://xing.com/quisque/id.html?faucibus=convallis&orci=nunc&luctus=proin&et=at&ultrices=turpis,831,4.3,"Syntax error in formula 'if (random(1, 5) == 1) { null } else { random(50, 500) }'"
16,Ricardo,In hac habitasse platea dictumst. Etiam faucibus cursus urna. Ut tellus.,http://yolasite.com/consectetuer/adipiscing/elit/proin/interdum/mauris.png?amet=lacinia&consectetuer=eget&adipiscing=tincidunt&elit=eget&proin=tempus&interdum=vel&mauris=pede&non=morbi&ligula=porttitor&pellentesque=lorem&ultrices=id&phasellus=ligula&id=suspendisse&sapien=ornare&in=consequat&sapien=lectus&iaculis=in&congue=est&vivamus=risus&metus=auctor&arcu=sed&adipiscing=tristique&molestie=in&hendrerit=tempus&at=sit&vulputate=amet&vitae=sem&nisl=fusce&aenean=consequat&lectus=nulla&pellentesque=nisl&eget=nunc&nunc=nisl&donec=duis&quis=bibendum&orci=felis&eget=sed&orci=interdum&vehicula=venenatis&condimentum=turpis&curabitur=enim&in=blandit&libero=mi&ut=in&massa=porttitor&volutpat=pede&convallis=justo&morbi=eu&odio=massa&odio=donec&elementum=dapibus&eu=duis&interdum=at&eu=velit&tincidunt=eu&in=est&leo=congue&maecenas=elementum&pulvinar=in&lobortis=hac,507,1.6,"Syntax error in formula 'if (random(1, 5) == 1) { null } else { random(50, 500) }'"
17,Helaine,"Praesent id massa id nisl venenatis lacinia. Aenean sit amet justo. Morbi ut odio.

Cras mi pede, malesuada in, imperdiet et, commodo vulputate, justo. In blandit ultrices enim. Lorem ipsum dolor sit amet, consectetuer adipiscing elit.

Proin interdum mauris non ligula pellentesque ultrices. Phasellus id sapien in sapien iaculis congue. Vivamus metus arcu, adipiscing molestie, hendrerit at, vulputate vitae, nisl.",http://japanpost.jp/et/ultrices/posuere/cubilia.json?eleifend=nisi&donec=volutpat&ut=eleifend&dolor=donec&morbi=ut&vel=dolor&lectus=morbi&in=vel&quam=lectus&fringilla=in&rhoncus=quam&mauris=fringilla&enim=rhoncus&leo=mauris&rhoncus=enim&sed=leo&vestibulum=rhoncus&sit=sed&amet=vestibulum&cursus=sit&id=amet&turpis=cursus&integer=id&aliquet=turpis&massa=integer&id=aliquet&lobortis=massa&convallis=id&tortor=lobortis&risus=convallis&dapibus=tortor&augue=risus&vel=dapibus&accumsan=augue&tellus=vel&nisi=accumsan&eu=tellus&orci=nisi&mauris=eu&lacinia=orci&sapien=mauris&quis=lacinia&libero=sapien&nullam=quis&sit=libero&amet=nullam&turpis=sit&elementum=amet&ligula=turpis&vehicula=elementum&consequat=ligula&morbi=vehicula&a=consequat&ipsum=morbi&integer=a&a=ipsum&nibh=integer&in=a&quis=nibh&justo=in&maecenas=quis&rhoncus=justo&aliquam=maecenas&lacus=rhoncus&morbi=aliquam&quis=lacus&tortor=morbi&id=quis&nulla=tortor&ultrices=id&aliquet=nulla&maecenas=ultrices&leo=aliquet&odio=maecenas&condimentum=leo&id=odio&luctus=condimentum&nec=id&molestie=luctus&sed=nec&justo=molestie&pellentesque=sed&viverra=justo&pede=pellentesque&ac=viverra&diam=pede&cras=ac&pellentesque=diam&volutpat=cras&dui=pellentesque&maecenas=volutpat&tristique=dui&est=maecenas&et=tristique&tempus=est&semper=et&est=tempus&quam=semper&pharetra=est,544,2.7,"Syntax error in formula 'if (random(1, 5) == 1) { null } else { random(50, 500) }'"
18,Neddy,"Duis consequat dui nec nisi volutpat eleifend. Donec ut dolor. Morbi vel lectus in quam fringilla rhoncus.

Mauris enim leo, rhoncus sed, vestibulum sit amet, cursus id, turpis. Integer aliquet, massa id lobortis convallis, tortor risus dapibus augue, vel accumsan tellus nisi eu orci. Mauris lacinia sapien quis libero.",https://npr.org/quam/suspendisse.jpg?mi=vestibulum&integer=ante&ac=ipsum&neque=primis&duis=in&bibendum=faucibus&morbi=orci&non=luctus&quam=et&nec=ultrices&dui=posuere&luctus=cubilia&rutrum=curae&nulla=nulla&tellus=dapibus&in=dolor&sagittis=vel&dui=est&vel=donec&nisl=odio&duis=justo&ac=sollicitudin&nibh=ut&fusce=suscipit&lacus=a&purus=feugiat&aliquet=et&at=eros&feugiat=vestibulum&non=ac&pretium=est&quis=lacinia&lectus=nisi&suspendisse=venenatis&potenti=tristique&in=fusce&eleifend=congue&quam=diam&a=id&odio=ornare&in=imperdiet&hac=sapien&habitasse=urna&platea=pretium&dictumst=nisl&maecenas=ut&ut=volutpat&massa=sapien&quis=arcu&augue=sed&luctus=augue&tincidunt=aliquam&nulla=erat&mollis=volutpat&molestie=in&lorem=congue&quisque=etiam&ut=justo&erat=etiam&curabitur=pretium&gravida=iaculis&nisi=justo&at=in&nibh=hac&in=habitasse&hac=platea&habitasse=dictumst&platea=etiam&dictumst=faucibus&aliquam=cursus&augue=urna&quam=ut&sollicitudin=tellus&vitae=nulla&consectetuer=ut&eget=erat&rutrum=id&at=mauris&lorem=vulputate&integer=elementum&tincidunt=nullam&ante=varius&vel=nulla&ipsum=facilisi&praesent=cras&blandit=non&lacinia=velit&erat=nec&vestibulum=nisi&sed=vulputate&magna=nonummy,375,3.7,"Syntax error in formula 'if (random(1, 5) == 1) { null } else { random(50, 500) }'"
19,Lindsy,"Quisque porta volutpat erat. Quisque erat eros, viverra eget, congue eget, semper rutrum, nulla. Nunc purus.

Phasellus in felis. Donec semper sapien a libero. Nam dui.

Proin leo odio, porttitor id, consequat in, consequat ut, nulla. Sed accumsan felis. Ut at dolor quis odio consequat varius.",http://zdnet.com/sit/amet/sapien/dignissim/vestibulum/vestibulum.aspx?cum=at&sociis=nulla&natoque=suspendisse&penatibus=potenti&et=cras&magnis=in&dis=purus&parturient=eu&montes=magna&nascetur=vulputate&ridiculus=luctus&mus=cum&etiam=sociis&vel=natoque&augue=penatibus&vestibulum=et&rutrum=magnis&rutrum=dis&neque=parturient&aenean=montes&auctor=nascetur&gravida=ridiculus&sem=mus&praesent=vivamus&id=vestibulum&massa=sagittis&id=sapien&nisl=cum&venenatis=sociis&lacinia=natoque&aenean=penatibus&sit=et&amet=magnis&justo=dis&morbi=parturient&ut=montes&odio=nascetur&cras=ridiculus&mi=mus&pede=etiam&malesuada=vel&in=augue&imperdiet=vestibulum&et=rutrum&commodo=rutrum&vulputate=neque&justo=aenean&in=auctor&blandit=gravida&ultrices=sem&enim=praesent&lorem=id&ipsum=massa&dolor=id&sit=nisl,935,1.3,"Syntax error in formula 'if (random(1, 5) == 1) { null } else { random(50, 500) }'"
20,Charyl,Fusce consequat. Nulla nisl. Nunc nisl.,http://free.fr/pede/lobortis/ligula.json?nec=venenatis&dui=turpis&luctus=enim&rutrum=blandit&nulla=mi&tellus=in&in=porttitor&sagittis=pede&dui=justo&vel=eu&nisl=massa&duis=donec&ac=dapibus&nibh=duis,779,2.2,"Syntax error in formula 'if (random(1, 5) == 1) { null } else { random(50, 500) }'"
21,Caryn,"Morbi porttitor lorem id ligula. Suspendisse ornare consequat lectus. In est risus, auctor sed, tristique in, tempus sit amet, sem.",http://craigslist.org/sed/tristique/in/tempus.xml?scelerisque=aliquam&quam=lacus&turpis=morbi&adipiscing=quis&lorem=tortor&vitae=id&mattis=nulla&nibh=ultrices&ligula=aliquet&nec=maecenas&sem=leo&duis=odio&aliquam=condimentum&convallis=id&nunc=luctus&proin=nec&at=molestie&turpis=sed&a=justo&pede=pellentesque&posuere=viverra&nonummy=pede&integer=ac&non=diam&velit=cras&donec=pellentesque&diam=volutpat&neque=dui&vestibulum=maecenas&eget=tristique&vulputate=est&ut=et&ultrices=tempus&vel=semper&augue=est&vestibulum=quam&ante=pharetra&ipsum=magna&primis=ac&in=consequat&faucibus=metus&orci=sapien&luctus=ut&et=nunc&ultrices=vestibulum&posuere=ante&cubilia=ipsum&curae=primis&donec=in&pharetra=faucibus&magna=orci&vestibulum=luctus&aliquet=et&ultrices=ultrices&erat=posuere&tortor=cubilia&sollicitudin=curae&mi=mauris&sit=viverra&amet=diam&lobortis=vitae&sapien=quam&sapien=suspendisse,501,1.6,"Syntax error in formula 'if (random(1, 5) == 1) { null } else { random(50, 500) }'"
22,Kippy,"Lorem ipsum dolor sit amet, consectetuer adipiscing elit. Proin risus. Praesent lectus.

Vestibulum quam sapien, varius ut, blandit non, interdum in, ante. Vestibulum ante ipsum primis in faucibus orci luctus et ultrices posuere cubilia Curae; Duis faucibus accumsan odio. Curabitur convallis.",http://oaic.gov.au/mattis/egestas/metus/aenean/fermentum.xml?massa=cras&quis=mi&augue=pede&luctus=malesuada&tincidunt=in&nulla=imperdiet&mollis=et&molestie=commodo&lorem=vulputate&quisque=justo&ut=in&erat=blandit&curabitur=ultrices&gravida=enim&nisi=lorem&at=ipsum&nibh=dolor&in=sit&hac=amet&habitasse=consectetuer&platea=adipiscing&dictumst=elit&aliquam=proin&augue=interdum&quam=mauris&sollicitudin=non&vitae=ligula&consectetuer=pellentesque,243,2.2,"Syntax error in formula 'if (random(1, 5) == 1) { null } else { random(50, 500) }'"
23,Lauree,"Vestibulum ac est lacinia nisi venenatis tristique. Fusce congue, diam id ornare imperdiet, sapien urna pretium nisl, ut volutpat sapien arcu sed augue. Aliquam erat volutpat.",http://narod.ru/imperdiet.jsp?nisi=pellentesque&volutpat=volutpat&eleifend=dui&donec=maecenas&ut=tristique&dolor=est&morbi=et&vel=tempus&lectus=semper&in=est&quam=quam&fringilla=pharetra&rhoncus=magna&mauris=ac&enim=consequat&leo=metus&rhoncus=sapien&sed=ut&vestibulum=nunc&sit=vestibulum&amet=ante&cursus=ipsum&id=primis&turpis=in&integer=faucibus&aliquet=orci&massa=luctus&id=et&lobortis=ultrices&convallis=posuere&tortor=cubilia&risus=curae&dapibus=mauris&augue=viverra&vel=diam,296,3.7,"Syntax error in formula 'if (random(1, 5) == 1) { null } else { random(50, 500) }'"
24,Dmitri,Suspendisse potenti. In eleifend quam a odio. In hac habitasse platea dictumst.,https://va.gov/ac/leo/pellentesque.jpg?aliquam=odio&erat=consequat&volutpat=varius&in=integer&congue=ac&etiam=leo&justo=pellentesque&etiam=ultrices&pretium=mattis&iaculis=odio&justo=donec&in=vitae&hac=nisi&habitasse=nam&platea=ultrices&dictumst=libero&etiam=non&faucibus=mattis&cursus=pulvinar&urna=nulla&ut=pede,325,4.2,"Syntax error in formula 'if (random(1, 5) == 1) { null } else { random(50, 500) }'"
25,Haslett,"Quisque id justo sit amet sapien dignissim vestibulum. Vestibulum ante ipsum primis in faucibus orci luctus et ultrices posuere cubilia Curae; Nulla dapibus dolor vel est. Donec odio justo, sollicitudin ut, suscipit a, feugiat et, eros.

Vestibulum ac est lacinia nisi venenatis tristique. Fusce congue, diam id ornare imperdiet, sapien urna pretium nisl, ut volutpat sapien arcu sed augue. Aliquam erat volutpat.

In congue. Etiam justo. Etiam pretium iaculis justo.",https://narod.ru/volutpat/quam.aspx?lacinia=nec&sapien=molestie&quis=sed&libero=justo&nullam=pellentesque&sit=viverra&amet=pede&turpis=ac&elementum=diam&ligula=cras&vehicula=pellentesque&consequat=volutpat&morbi=dui&a=maecenas,318,4.9,"Syntax error in formula 'if (random(1, 5) == 1) { null } else { random(50, 500) }'"
26,Boigie,"Sed sagittis. Nam congue, risus semper porta volutpat, quam pede lobortis ligula, sit amet eleifend pede libero quis orci. Nullam molestie nibh in lectus.

Pellentesque at nulla. Suspendisse potenti. Cras in purus eu magna vulputate luctus.

Cum sociis natoque penatibus et magnis dis parturient montes, nascetur ridiculus mus. Vivamus vestibulum sagittis sapien. Cum sociis natoque penatibus et magnis dis parturient montes, nascetur ridiculus mus.",http://time.com/justo.js?vestibulum=dui&ante=vel&ipsum=sem&primis=sed&in=sagittis&faucibus=nam&orci=congue&luctus=risus&et=semper&ultrices=porta&posuere=volutpat&cubilia=quam&curae=pede&duis=lobortis&faucibus=ligula&accumsan=sit&odio=amet&curabitur=eleifend&convallis=pede&duis=libero&consequat=quis&dui=orci&nec=nullam&nisi=molestie&volutpat=nibh&eleifend=in&donec=lectus&ut=pellentesque&dolor=at&morbi=nulla&vel=suspendisse&lectus=potenti&in=cras&quam=in&fringilla=purus&rhoncus=eu&mauris=magna&enim=vulputate&leo=luctus&rhoncus=cum&sed=sociis&vestibulum=natoque&sit=penatibus&amet=et&cursus=magnis&id=dis&turpis=parturient&integer=montes&aliquet=nascetur&massa=ridiculus&id=mus&lobortis=vivamus&convallis=vestibulum&tortor=sagittis&risus=sapien&dapibus=cum&augue=sociis&vel=natoque&accumsan=penatibus&tellus=et&nisi=magnis&eu=dis&orci=parturient&mauris=montes&lacinia=nascetur&sapien=ridiculus&quis=mus&libero=etiam&nullam=vel&sit=augue&amet=vestibulum&turpis=rutrum&elementum=rutrum&ligula=neque&vehicula=aenean&consequat=auctor&morbi=gravida&a=sem&ipsum=praesent&integer=id&a=massa,831,2.6,"Syntax error in formula 'if (random(1, 5) == 1) { null } else { random(50, 500) }'"
27,Daven,"Cras mi pede, malesuada in, imperdiet et, commodo vulputate, justo. In blandit ultrices enim. Lorem ipsum dolor sit amet, consectetuer adipiscing elit.

Proin interdum mauris non ligula pellentesque ultrices. Phasellus id sapien in sapien iaculis congue. Vivamus metus arcu, adipiscing molestie, hendrerit at, vulputate vitae, nisl.",https://macromedia.com/sed/vel/enim/sit/amet.html?ut=elit&massa=ac&quis=nulla&augue=sed&luctus=vel&tincidunt=enim&nulla=sit&mollis=amet&molestie=nunc&lorem=viverra&quisque=dapibus&ut=nulla&erat=suscipit&curabitur=ligula&gravida=in&nisi=lacus&at=curabitur&nibh=at&in=ipsum&hac=ac&habitasse=tellus&platea=semper&dictumst=interdum&aliquam=mauris&augue=ullamcorper&quam=purus&sollicitudin=sit&vitae=amet&consectetuer=nulla&eget=quisque&rutrum=arcu&at=libero&lorem=rutrum&integer=ac&tincidunt=lobortis&ante=vel&vel=dapibus&ipsum=at&praesent=diam&blandit=nam&lacinia=tristique&erat=tortor&vestibulum=eu&sed=pede,377,1.3,"Syntax error in formula 'if (random(1, 5) == 1) { null } else { random(50, 500) }'"
28,Carly,"Integer tincidunt ante vel ipsum. Praesent blandit lacinia erat. Vestibulum sed magna at nunc commodo placerat.

Praesent blandit. Nam nulla. Integer pede justo, lacinia eget, tincidunt eget, tempus vel, pede.",http://youtube.com/in/hac/habitasse/platea/dictumst/etiam.jsp?in=imperdiet&tempus=nullam&sit=orci&amet=pede&sem=venenatis&fusce=non&consequat=sodales&nulla=sed&nisl=tincidunt&nunc=eu&nisl=felis&duis=fusce&bibendum=posuere&felis=felis&sed=sed&interdum=lacus&venenatis=morbi&turpis=sem&enim=mauris&blandit=laoreet&mi=ut&in=rhoncus&porttitor=aliquet&pede=pulvinar&justo=sed&eu=nisl&massa=nunc&donec=rhoncus&dapibus=dui&duis=vel&at=sem&velit=sed&eu=sagittis&est=nam&congue=congue,888,2.7,"Syntax error in formula 'if (random(1, 5) == 1) { null } else { random(50, 500) }'"
29,Ruddy,"Fusce posuere felis sed lacus. Morbi sem mauris, laoreet ut, rhoncus aliquet, pulvinar sed, nisl. Nunc rhoncus dui vel sem.

Sed sagittis. Nam congue, risus semper porta volutpat, quam pede lobortis ligula, sit amet eleifend pede libero quis orci. Nullam molestie nibh in lectus.

Pellentesque at nulla. Suspendisse potenti. Cras in purus eu magna vulputate luctus.",https://mtv.com/integer.xml?elementum=leo&nullam=rhoncus&varius=sed&nulla=vestibulum&facilisi=sit&cras=amet&non=cursus&velit=id&nec=turpis&nisi=integer&vulputate=aliquet&nonummy=massa&maecenas=id&tincidunt=lobortis&lacus=convallis&at=tortor&velit=risus&vivamus=dapibus&vel=augue&nulla=vel&eget=accumsan&eros=tellus&elementum=nisi&pellentesque=eu&quisque=orci&porta=mauris&volutpat=lacinia&erat=sapien&quisque=quis&erat=libero&eros=nullam&viverra=sit&eget=amet&congue=turpis&eget=elementum,363,2.5,"Syntax error in formula 'if (random(1, 5) == 1) { null } else { random(50, 500) }'"
30,Rowe,Duis consequat dui nec nisi volutpat eleifend. Donec ut dolor. Morbi vel lectus in quam fringilla rhoncus.,https://naver.com/pellentesque/quisque/porta.jpg?integer=ligula&a=pellentesque&nibh=ultrices&in=phasellus&quis=id&justo=sapien&maecenas=in&rhoncus=sapien&aliquam=iaculis&lacus=congue,980,2.7,"Syntax error in formula 'if (random(1, 5) == 1) { null } else { random(50, 500) }'"
31,Ramon,"Cras non velit nec nisi vulputate nonummy. Maecenas tincidunt lacus at velit. Vivamus vel nulla eget eros elementum pellentesque.

Quisque porta volutpat erat. Quisque erat eros, viverra eget, congue eget, semper rutrum, nulla. Nunc purus.

Phasellus in felis. Donec semper sapien a libero. Nam dui.",https://flickr.com/posuere/felis/sed/lacus/morbi.png?turpis=consequat&adipiscing=varius&lorem=integer,854,3.2,"Syntax error in formula 'if (random(1, 5) == 1) { null } else { random(50, 500) }'"
32,Bambi,"Curabitur in libero ut massa volutpat convallis. Morbi odio odio, elementum eu, interdum eu, tincidunt in, leo. Maecenas pulvinar lobortis est.",https://free.fr/magna/at/nunc/commodo.js?sollicitudin=et&ut=ultrices&suscipit=posuere&a=cubilia&feugiat=curae&et=mauris&eros=viverra&vestibulum=diam&ac=vitae&est=quam&lacinia=suspendisse&nisi=potenti&venenatis=nullam&tristique=porttitor&fusce=lacus&congue=at&diam=turpis&id=donec&ornare=posuere&imperdiet=metus&sapien=vitae&urna=ipsum&pretium=aliquam&nisl=non&ut=mauris&volutpat=morbi&sapien=non&arcu=lectus&sed=aliquam&augue=sit&aliquam=amet&erat=diam&volutpat=in&in=magna&congue=bibendum,508,1.2,"Syntax error in formula 'if (random(1, 5) == 1) { null } else { random(50, 500) }'"
33,Noak,"Cras non velit nec nisi vulputate nonummy. Maecenas tincidunt lacus at velit. Vivamus vel nulla eget eros elementum pellentesque.

Quisque porta volutpat erat. Quisque erat eros, viverra eget, congue eget, semper rutrum, nulla. Nunc purus.

Phasellus in felis. Donec semper sapien a libero. Nam dui.",https://theatlantic.com/et/ultrices/posuere.js?ante=luctus&ipsum=tincidunt&primis=nulla&in=mollis&faucibus=molestie&orci=lorem&luctus=quisque&et=ut&ultrices=erat&posuere=curabitur&cubilia=gravida&curae=nisi&duis=at&faucibus=nibh&accumsan=in&odio=hac&curabitur=habitasse&convallis=platea&duis=dictumst&consequat=aliquam&dui=augue&nec=quam&nisi=sollicitudin&volutpat=vitae,430,4.4,"Syntax error in formula 'if (random(1, 5) == 1) { null } else { random(50, 500) }'"
34,Tawnya,"Aenean lectus. Pellentesque eget nunc. Donec quis orci eget orci vehicula condimentum.

Curabitur in libero ut massa volutpat convallis. Morbi odio odio, elementum eu, interdum eu, tincidunt in, leo. Maecenas pulvinar lobortis est.

Phasellus sit amet erat. Nulla tempus. Vivamus in felis eu sapien cursus vestibulum.",http://arizona.edu/fusce.xml?nulla=vivamus&eget=in&eros=felis&elementum=eu&pellentesque=sapien&quisque=cursus&porta=vestibulum&volutpat=proin&erat=eu&quisque=mi&erat=nulla&eros=ac&viverra=enim&eget=in&congue=tempor&eget=turpis&semper=nec&rutrum=euismod&nulla=scelerisque&nunc=quam&purus=turpis&phasellus=adipiscing&in=lorem&felis=vitae&donec=mattis&semper=nibh&sapien=ligula&a=nec&libero=sem&nam=duis&dui=aliquam&proin=convallis&leo=nunc&odio=proin&porttitor=at&id=turpis,427,2.7,"Syntax error in formula 'if (random(1, 5) == 1) { null } else { random(50, 500) }'"
35,Tisha,"Sed sagittis. Nam congue, risus semper porta volutpat, quam pede lobortis ligula, sit amet eleifend pede libero quis orci. Nullam molestie nibh in lectus.

Pellentesque at nulla. Suspendisse potenti. Cras in purus eu magna vulputate luctus.",http://va.gov/nec/nisi/volutpat/eleifend/donec.jpg?augue=elementum&vel=ligula&accumsan=vehicula&tellus=consequat&nisi=morbi&eu=a&orci=ipsum&mauris=integer&lacinia=a&sapien=nibh&quis=in&libero=quis&nullam=justo&sit=maecenas,718,2.8,"Syntax error in formula 'if (random(1, 5) == 1) { null } else { random(50, 500) }'"
36,Shirline,"Morbi non lectus. Aliquam sit amet diam in magna bibendum imperdiet. Nullam orci pede, venenatis non, sodales sed, tincidunt eu, felis.

Fusce posuere felis sed lacus. Morbi sem mauris, laoreet ut, rhoncus aliquet, pulvinar sed, nisl. Nunc rhoncus dui vel sem.

Sed sagittis. Nam congue, risus semper porta volutpat, quam pede lobortis ligula, sit amet eleifend pede libero quis orci. Nullam molestie nibh in lectus.",https://simplemachines.org/vestibulum/sagittis.json?faucibus=mi&cursus=nulla&urna=ac&ut=enim&tellus=in&nulla=tempor&ut=turpis&erat=nec&id=euismod&mauris=scelerisque&vulputate=quam&elementum=turpis&nullam=adipiscing&varius=lorem&nulla=vitae&facilisi=mattis&cras=nibh&non=ligula&velit=nec&nec=sem&nisi=duis&vulputate=aliquam&nonummy=convallis&maecenas=nunc&tincidunt=proin&lacus=at,294,3.6,"Syntax error in formula 'if (random(1, 5) == 1) { null } else { random(50, 500) }'"
37,Basia,Duis aliquam convallis nunc. Proin at turpis a pede posuere nonummy. Integer non velit.,https://ovh.net/vel.xml?a=venenatis&pede=lacinia&posuere=aenean&nonummy=sit&integer=amet&non=justo,274,3.3,"Syntax error in formula 'if (random(1, 5) == 1) { null } else { random(50, 500) }'"
38,Evie,"Lorem ipsum dolor sit amet, consectetuer adipiscing elit. Proin risus. Praesent lectus.

Vestibulum quam sapien, varius ut, blandit non, interdum in, ante. Vestibulum ante ipsum primis in faucibus orci luctus et ultrices posuere cubilia Curae; Duis faucibus accumsan odio. Curabitur convallis.",https://phoca.cz/lobortis/convallis/tortor/risus/dapibus.png?praesent=vulputate&blandit=elementum&lacinia=nullam&erat=varius&vestibulum=nulla&sed=facilisi&magna=cras&at=non&nunc=velit&commodo=nec&placerat=nisi&praesent=vulputate&blandit=nonummy&nam=maecenas&nulla=tincidunt&integer=lacus&pede=at&justo=velit&lacinia=vivamus&eget=vel&tincidunt=nulla&eget=eget&tempus=eros&vel=elementum&pede=pellentesque&morbi=quisque&porttitor=porta&lorem=volutpat&id=erat&ligula=quisque&suspendisse=erat&ornare=eros&consequat=viverra&lectus=eget&in=congue,386,3.1,"Syntax error in formula 'if (random(1, 5) == 1) { null } else { random(50, 500) }'"
39,Prinz,"Morbi porttitor lorem id ligula. Suspendisse ornare consequat lectus. In est risus, auctor sed, tristique in, tempus sit amet, sem.",http://sun.com/accumsan.json?enim=massa&leo=id&rhoncus=lobortis&sed=convallis&vestibulum=tortor&sit=risus&amet=dapibus&cursus=augue&id=vel&turpis=accumsan&integer=tellus&aliquet=nisi&massa=eu&id=orci&lobortis=mauris&convallis=lacinia&tortor=sapien&risus=quis&dapibus=libero&augue=nullam&vel=sit&accumsan=amet&tellus=turpis&nisi=elementum&eu=ligula,892,2.3,"Syntax error in formula 'if (random(1, 5) == 1) { null } else { random(50, 500) }'"
40,Kayne,"Etiam vel augue. Vestibulum rutrum rutrum neque. Aenean auctor gravida sem.

Praesent id massa id nisl venenatis lacinia. Aenean sit amet justo. Morbi ut odio.",https://homestead.com/nonummy/maecenas/tincidunt/lacus/at/velit.html?risus=et&dapibus=ultrices&augue=posuere&vel=cubilia&accumsan=curae&tellus=donec&nisi=pharetra&eu=magna&orci=vestibulum&mauris=aliquet&lacinia=ultrices,280,4.1,"Syntax error in formula 'if (random(1, 5) == 1) { null } else { random(50, 500) }'"
41,Anissa,"Maecenas leo odio, condimentum id, luctus nec, molestie sed, justo. Pellentesque viverra pede ac diam. Cras pellentesque volutpat dui.",https://diigo.com/odio/porttitor/id/consequat/in.jpg?ut=ligula&dolor=pellentesque&morbi=ultrices&vel=phasellus&lectus=id&in=sapien&quam=in&fringilla=sapien&rhoncus=iaculis&mauris=congue&enim=vivamus&leo=metus&rhoncus=arcu&sed=adipiscing&vestibulum=molestie&sit=hendrerit&amet=at&cursus=vulputate&id=vitae&turpis=nisl&integer=aenean&aliquet=lectus&massa=pellentesque&id=eget&lobortis=nunc&convallis=donec&tortor=quis&risus=orci&dapibus=eget&augue=orci&vel=vehicula&accumsan=condimentum&tellus=curabitur&nisi=in&eu=libero&orci=ut&mauris=massa&lacinia=volutpat&sapien=convallis&quis=morbi&libero=odio&nullam=odio&sit=elementum&amet=eu&turpis=interdum&elementum=eu&ligula=tincidunt&vehicula=in&consequat=leo&morbi=maecenas&a=pulvinar&ipsum=lobortis&integer=est&a=phasellus&nibh=sit&in=amet&quis=erat&justo=nulla&maecenas=tempus&rhoncus=vivamus&aliquam=in&lacus=felis&morbi=eu&quis=sapien&tortor=cursus&id=vestibulum&nulla=proin&ultrices=eu&aliquet=mi&maecenas=nulla&leo=ac&odio=enim&condimentum=in&id=tempor&luctus=turpis&nec=nec&molestie=euismod&sed=scelerisque&justo=quam&pellentesque=turpis&viverra=adipiscing&pede=lorem&ac=vitae&diam=mattis&cras=nibh&pellentesque=ligula&volutpat=nec&dui=sem&maecenas=duis&tristique=aliquam&est=convallis&et=nunc&tempus=proin&semper=at&est=turpis&quam=a&pharetra=pede&magna=posuere,204,2.6,"Syntax error in formula 'if (random(1, 5) == 1) { null } else { random(50, 500) }'"
42,Aland,"Duis bibendum. Morbi non quam nec dui luctus rutrum. Nulla tellus.

In sagittis dui vel nisl. Duis ac nibh. Fusce lacus purus, aliquet at, feugiat non, pretium quis, lectus.",http://virginia.edu/nisl/duis/ac/nibh/fusce.png?tincidunt=penatibus&ante=et&vel=magnis&ipsum=dis&praesent=parturient&blandit=montes&lacinia=nascetur&erat=ridiculus&vestibulum=mus&sed=etiam&magna=vel&at=augue&nunc=vestibulum&commodo=rutrum&placerat=rutrum&praesent=neque&blandit=aenean&nam=auctor&nulla=gravida&integer=sem&pede=praesent&justo=id&lacinia=massa&eget=id&tincidunt=nisl&eget=venenatis&tempus=lacinia&vel=aenean&pede=sit&morbi=amet&porttitor=justo&lorem=morbi&id=ut&ligula=odio&suspendisse=cras&ornare=mi&consequat=pede&lectus=malesuada&in=in&est=imperdiet&risus=et&auctor=commodo&sed=vulputate&tristique=justo&in=in&tempus=blandit&sit=ultrices&amet=enim&sem=lorem&fusce=ipsum&consequat=dolor&nulla=sit&nisl=amet&nunc=consectetuer&nisl=adipiscing&duis=elit&bibendum=proin,743,4.9,"Syntax error in formula 'if (random(1, 5) == 1) { null } else { random(50, 500) }'"
43,Karel,"Cum sociis natoque penatibus et magnis dis parturient montes, nascetur ridiculus mus. Vivamus vestibulum sagittis sapien. Cum sociis natoque penatibus et magnis dis parturient montes, nascetur ridiculus mus.

Etiam vel augue. Vestibulum rutrum rutrum neque. Aenean auctor gravida sem.",http://state.gov/amet/eleifend/pede/libero/quis.json?imperdiet=vestibulum&et=velit&commodo=id&vulputate=pretium&justo=iaculis&in=diam&blandit=erat&ultrices=fermentum&enim=justo&lorem=nec&ipsum=condimentum&dolor=neque&sit=sapien&amet=placerat&consectetuer=ante&adipiscing=nulla&elit=justo&proin=aliquam&interdum=quis&mauris=turpis&non=eget&ligula=elit&pellentesque=sodales&ultrices=scelerisque&phasellus=mauris&id=sit&sapien=amet&in=eros&sapien=suspendisse&iaculis=accumsan&congue=tortor&vivamus=quis&metus=turpis&arcu=sed&adipiscing=ante&molestie=vivamus&hendrerit=tortor&at=duis&vulputate=mattis&vitae=egestas&nisl=metus&aenean=aenean&lectus=fermentum&pellentesque=donec&eget=ut&nunc=mauris&donec=eget&quis=massa&orci=tempor&eget=convallis&orci=nulla&vehicula=neque&condimentum=libero&curabitur=convallis&in=eget&libero=eleifend&ut=luctus&massa=ultricies&volutpat=eu&convallis=nibh&morbi=quisque&odio=id&odio=justo&elementum=sit&eu=amet&interdum=sapien&eu=dignissim&tincidunt=vestibulum&in=vestibulum&leo=ante&maecenas=ipsum&pulvinar=primis&lobortis=in&est=faucibus&phasellus=orci&sit=luctus&amet=et&erat=ultrices&nulla=posuere&tempus=cubilia&vivamus=curae&in=nulla&felis=dapibus&eu=dolor&sapien=vel&cursus=est&vestibulum=donec&proin=odio&eu=justo&mi=sollicitudin&nulla=ut&ac=suscipit,117,3.6,"Syntax error in formula 'if (random(1, 5) == 1) { null } else { random(50, 500) }'"
44,Goldina,"Proin interdum mauris non ligula pellentesque ultrices. Phasellus id sapien in sapien iaculis congue. Vivamus metus arcu, adipiscing molestie, hendrerit at, vulputate vitae, nisl.

Aenean lectus. Pellentesque eget nunc. Donec quis orci eget orci vehicula condimentum.

Curabitur in libero ut massa volutpat convallis. Morbi odio odio, elementum eu, interdum eu, tincidunt in, leo. Maecenas pulvinar lobortis est.",http://jigsy.com/eleifend/donec.xml?viverra=nibh&pede=fusce&ac=lacus&diam=purus&cras=aliquet&pellentesque=at&volutpat=feugiat&dui=non&maecenas=pretium&tristique=quis&est=lectus&et=suspendisse&tempus=potenti&semper=in&est=eleifend&quam=quam&pharetra=a&magna=odio&ac=in&consequat=hac&metus=habitasse&sapien=platea&ut=dictumst&nunc=maecenas&vestibulum=ut&ante=massa&ipsum=quis&primis=augue&in=luctus&faucibus=tincidunt&orci=nulla&luctus=mollis&et=molestie&ultrices=lorem&posuere=quisque&cubilia=ut&curae=erat&mauris=curabitur&viverra=gravida&diam=nisi&vitae=at&quam=nibh&suspendisse=in&potenti=hac&nullam=habitasse&porttitor=platea&lacus=dictumst&at=aliquam&turpis=augue&donec=quam&posuere=sollicitudin&metus=vitae&vitae=consectetuer&ipsum=eget&aliquam=rutrum&non=at&mauris=lorem&morbi=integer&non=tincidunt&lectus=ante&aliquam=vel&sit=ipsum&amet=praesent&diam=blandit&in=lacinia&magna=erat&bibendum=vestibulum&imperdiet=sed&nullam=magna&orci=at&pede=nunc&venenatis=commodo&non=placerat&sodales=praesent&sed=blandit&tincidunt=nam&eu=nulla&felis=integer&fusce=pede&posuere=justo&felis=lacinia&sed=eget&lacus=tincidunt&morbi=eget&sem=tempus&mauris=vel&laoreet=pede&ut=morbi&rhoncus=porttitor&aliquet=lorem&pulvinar=id&sed=ligula&nisl=suspendisse&nunc=ornare&rhoncus=consequat&dui=lectus&vel=in,854,4.3,"Syntax error in formula 'if (random(1, 5) == 1) { null } else { random(50, 500) }'"
45,Layton,"Praesent id massa id nisl venenatis lacinia. Aenean sit amet justo. Morbi ut odio.

Cras mi pede, malesuada in, imperdiet et, commodo vulputate, justo. In blandit ultrices enim. Lorem ipsum dolor sit amet, consectetuer adipiscing elit.",http://cbc.ca/vivamus.aspx?non=sed&sodales=vestibulum&sed=sit&tincidunt=amet&eu=cursus&felis=id&fusce=turpis&posuere=integer&felis=aliquet&sed=massa&lacus=id&morbi=lobortis&sem=convallis&mauris=tortor&laoreet=risus&ut=dapibus&rhoncus=augue&aliquet=vel&pulvinar=accumsan&sed=tellus&nisl=nisi&nunc=eu&rhoncus=orci&dui=mauris&vel=lacinia&sem=sapien&sed=quis&sagittis=libero&nam=nullam&congue=sit&risus=amet&semper=turpis&porta=elementum&volutpat=ligula&quam=vehicula&pede=consequat&lobortis=morbi&ligula=a&sit=ipsum&amet=integer&eleifend=a&pede=nibh&libero=in&quis=quis&orci=justo&nullam=maecenas&molestie=rhoncus&nibh=aliquam&in=lacus&lectus=morbi&pellentesque=quis&at=tortor&nulla=id&suspendisse=nulla&potenti=ultrices&cras=aliquet&in=maecenas&purus=leo&eu=odio&magna=condimentum&vulputate=id&luctus=luctus&cum=nec&sociis=molestie&natoque=sed&penatibus=justo&et=pellentesque&magnis=viverra&dis=pede&parturient=ac&montes=diam&nascetur=cras&ridiculus=pellentesque&mus=volutpat&vivamus=dui&vestibulum=maecenas&sagittis=tristique&sapien=est&cum=et&sociis=tempus&natoque=semper&penatibus=est&et=quam&magnis=pharetra&dis=magna&parturient=ac&montes=consequat&nascetur=metus&ridiculus=sapien&mus=ut,547,3.9,"Syntax error in formula 'if (random(1, 5) == 1) { null } else { random(50, 500) }'"
46,Angy,"Proin interdum mauris non ligula pellentesque ultrices. Phasellus id sapien in sapien iaculis congue. Vivamus metus arcu, adipiscing molestie, hendrerit at, vulputate vitae, nisl.

Aenean lectus. Pellentesque eget nunc. Donec quis orci eget orci vehicula condimentum.",http://tuttocitta.it/habitasse.js?tempus=libero&semper=quis&est=orci&quam=nullam&pharetra=molestie&magna=nibh&ac=in&consequat=lectus&metus=pellentesque&sapien=at&ut=nulla&nunc=suspendisse&vestibulum=potenti&ante=cras&ipsum=in&primis=purus&in=eu&faucibus=magna&orci=vulputate&luctus=luctus&et=cum&ultrices=sociis&posuere=natoque&cubilia=penatibus&curae=et&mauris=magnis&viverra=dis&diam=parturient&vitae=montes&quam=nascetur&suspendisse=ridiculus&potenti=mus&nullam=vivamus&porttitor=vestibulum&lacus=sagittis&at=sapien&turpis=cum&donec=sociis&posuere=natoque&metus=penatibus&vitae=et&ipsum=magnis&aliquam=dis&non=parturient&mauris=montes&morbi=nascetur&non=ridiculus&lectus=mus&aliquam=etiam&sit=vel&amet=augue&diam=vestibulum&in=rutrum&magna=rutrum&bibendum=neque&imperdiet=aenean&nullam=auctor&orci=gravida&pede=sem&venenatis=praesent&non=id&sodales=massa&sed=id&tincidunt=nisl&eu=venenatis&felis=lacinia&fusce=aenean&posuere=sit&felis=amet&sed=justo&lacus=morbi&morbi=ut&sem=odio&mauris=cras&laoreet=mi&ut=pede&rhoncus=malesuada&aliquet=in&pulvinar=imperdiet&sed=et&nisl=commodo&nunc=vulputate&rhoncus=justo&dui=in&vel=blandit&sem=ultrices&sed=enim&sagittis=lorem&nam=ipsum&congue=dolor&risus=sit&semper=amet,958,4.8,"Syntax error in formula 'if (random(1, 5) == 1) { null } else { random(50, 500) }'"
47,Demetria,"Donec diam neque, vestibulum eget, vulputate ut, ultrices vel, augue. Vestibulum ante ipsum primis in faucibus orci luctus et ultrices posuere cubilia Curae; Donec pharetra, magna vestibulum aliquet ultrices, erat tortor sollicitudin mi, sit amet lobortis sapien sapien non mi. Integer ac neque.

Duis bibendum. Morbi non quam nec dui luctus rutrum. Nulla tellus.

In sagittis dui vel nisl. Duis ac nibh. Fusce lacus purus, aliquet at, feugiat non, pretium quis, lectus.",http://sphinn.com/adipiscing/molestie/hendrerit/at/vulputate/vitae.html?aliquet=ac&ultrices=consequat&erat=metus&tortor=sapien&sollicitudin=ut&mi=nunc&sit=vestibulum&amet=ante&lobortis=ipsum&sapien=primis&sapien=in&non=faucibus&mi=orci&integer=luctus&ac=et&neque=ultrices&duis=posuere&bibendum=cubilia&morbi=curae&non=mauris&quam=viverra&nec=diam&dui=vitae&luctus=quam&rutrum=suspendisse&nulla=potenti&tellus=nullam&in=porttitor&sagittis=lacus&dui=at&vel=turpis&nisl=donec&duis=posuere&ac=metus&nibh=vitae&fusce=ipsum&lacus=aliquam&purus=non&aliquet=mauris&at=morbi&feugiat=non&non=lectus&pretium=aliquam&quis=sit&lectus=amet&suspendisse=diam&potenti=in&in=magna&eleifend=bibendum&quam=imperdiet&a=nullam&odio=orci&in=pede&hac=venenatis&habitasse=non&platea=sodales&dictumst=sed&maecenas=tincidunt&ut=eu&massa=felis&quis=fusce&augue=posuere&luctus=felis&tincidunt=sed&nulla=lacus&mollis=morbi&molestie=sem&lorem=mauris&quisque=laoreet&ut=ut&erat=rhoncus&curabitur=aliquet&gravida=pulvinar&nisi=sed&at=nisl&nibh=nunc&in=rhoncus&hac=dui&habitasse=vel&platea=sem&dictumst=sed&aliquam=sagittis&augue=nam&quam=congue&sollicitudin=risus&vitae=semper&consectetuer=porta&eget=volutpat&rutrum=quam&at=pede&lorem=lobortis,551,1.1,"Syntax error in formula 'if (random(1, 5) == 1) { null } else { random(50, 500) }'"
48,Laurene,"In congue. Etiam justo. Etiam pretium iaculis justo.

In hac habitasse platea dictumst. Etiam faucibus cursus urna. Ut tellus.

Nulla ut erat id mauris vulputate elementum. Nullam varius. Nulla facilisi.",http://jugem.jp/integer/tincidunt/ante/vel.png?sed=in&vestibulum=sagittis&sit=dui&amet=vel&cursus=nisl&id=duis&turpis=ac&integer=nibh&aliquet=fusce&massa=lacus&id=purus&lobortis=aliquet&convallis=at&tortor=feugiat&risus=non&dapibus=pretium&augue=quis&vel=lectus&accumsan=suspendisse&tellus=potenti&nisi=in&eu=eleifend&orci=quam&mauris=a&lacinia=odio&sapien=in&quis=hac&libero=habitasse&nullam=platea&sit=dictumst&amet=maecenas&turpis=ut&elementum=massa&ligula=quis&vehicula=augue&consequat=luctus&morbi=tincidunt&a=nulla&ipsum=mollis&integer=molestie&a=lorem&nibh=quisque&in=ut&quis=erat&justo=curabitur&maecenas=gravida&rhoncus=nisi&aliquam=at&lacus=nibh&morbi=in&quis=hac&tortor=habitasse&id=platea&nulla=dictumst&ultrices=aliquam&aliquet=augue&maecenas=quam&leo=sollicitudin&odio=vitae,493,3.1,"Syntax error in formula 'if (random(1, 5) == 1) { null } else { random(50, 500) }'"
49,Inglis,"Aliquam quis turpis eget elit sodales scelerisque. Mauris sit amet eros. Suspendisse accumsan tortor quis turpis.

Sed ante. Vivamus tortor. Duis mattis egestas metus.

Aenean fermentum. Donec ut mauris eget massa tempor convallis. Nulla neque libero, convallis eget, eleifend luctus, ultricies eu, nibh.",https://mapy.cz/nullam/molestie.jpg?tincidunt=quam&eu=pharetra&felis=magna&fusce=ac&posuere=consequat&felis=metus&sed=sapien&lacus=ut&morbi=nunc&sem=vestibulum&mauris=ante&laoreet=ipsum&ut=primis&rhoncus=in&aliquet=faucibus&pulvinar=orci&sed=luctus&nisl=et&nunc=ultrices&rhoncus=posuere&dui=cubilia&vel=curae&sem=mauris&sed=viverra&sagittis=diam&nam=vitae&congue=quam&risus=suspendisse&semper=potenti&porta=nullam&volutpat=porttitor&quam=lacus&pede=at&lobortis=turpis&ligula=donec&sit=posuere&amet=metus&eleifend=vitae&pede=ipsum&libero=aliquam&quis=non&orci=mauris&nullam=morbi&molestie=non&nibh=lectus&in=aliquam&lectus=sit&pellentesque=amet&at=diam&nulla=in&suspendisse=magna&potenti=bibendum&cras=imperdiet&in=nullam&purus=orci&eu=pede&magna=venenatis&vulputate=non&luctus=sodales&cum=sed&sociis=tincidunt&natoque=eu&penatibus=felis&et=fusce&magnis=posuere&dis=felis&parturient=sed&montes=lacus&nascetur=morbi&ridiculus=sem&mus=mauris&vivamus=laoreet&vestibulum=ut&sagittis=rhoncus&sapien=aliquet&cum=pulvinar&sociis=sed&natoque=nisl&penatibus=nunc&et=rhoncus&magnis=dui&dis=vel&parturient=sem&montes=sed&nascetur=sagittis&ridiculus=nam&mus=congue&etiam=risus&vel=semper&augue=porta&vestibulum=volutpat&rutrum=quam&rutrum=pede&neque=lobortis&aenean=ligula&auctor=sit&gravida=amet&sem=eleifend&praesent=pede,673,2.5,"Syntax error in formula 'if (random(1, 5) == 1) { null } else { random(50, 500) }'"
50,Lou,"In sagittis dui vel nisl. Duis ac nibh. Fusce lacus purus, aliquet at, feugiat non, pretium quis, lectus.

Suspendisse potenti. In eleifend quam a odio. In hac habitasse platea dictumst.",http://issuu.com/vestibulum/ante.xml?id=a&massa=ipsum&id=integer&nisl=a&venenatis=nibh&lacinia=in&aenean=quis&sit=justo&amet=maecenas&justo=rhoncus&morbi=aliquam&ut=lacus&odio=morbi&cras=quis&mi=tortor&pede=id&malesuada=nulla&in=ultrices,693,2.1,"Syntax error in formula 'if (random(1, 5) == 1) { null } else { random(50, 500) }'"
51,Seymour,"Morbi non lectus. Aliquam sit amet diam in magna bibendum imperdiet. Nullam orci pede, venenatis non, sodales sed, tincidunt eu, felis.",http://sun.com/nec/dui/luctus/rutrum/nulla/tellus.js?in=ligula&felis=sit&eu=amet&sapien=eleifend&cursus=pede&vestibulum=libero&proin=quis&eu=orci&mi=nullam&nulla=molestie&ac=nibh&enim=in&in=lectus&tempor=pellentesque&turpis=at&nec=nulla&euismod=suspendisse&scelerisque=potenti&quam=cras&turpis=in&adipiscing=purus&lorem=eu&vitae=magna&mattis=vulputate&nibh=luctus&ligula=cum&nec=sociis&sem=natoque&duis=penatibus&aliquam=et&convallis=magnis&nunc=dis&proin=parturient&at=montes&turpis=nascetur&a=ridiculus&pede=mus&posuere=vivamus&nonummy=vestibulum&integer=sagittis&non=sapien&velit=cum&donec=sociis&diam=natoque&neque=penatibus&vestibulum=et&eget=magnis&vulputate=dis&ut=parturient&ultrices=montes&vel=nascetur&augue=ridiculus&vestibulum=mus&ante=etiam&ipsum=vel&primis=augue&in=vestibulum&faucibus=rutrum&orci=rutrum&luctus=neque&et=aenean&ultrices=auctor&posuere=gravida&cubilia=sem&curae=praesent&donec=id&pharetra=massa&magna=id&vestibulum=nisl&aliquet=venenatis&ultrices=lacinia&erat=aenean&tortor=sit&sollicitudin=amet&mi=justo&sit=morbi&amet=ut&lobortis=odio&sapien=cras&sapien=mi,672,1.6,"Syntax error in formula 'if (random(1, 5) == 1) { null } else { random(50, 500) }'"
52,Melanie,Praesent id massa id nisl venenatis lacinia. Aenean sit amet justo. Morbi ut odio.,https://wired.com/amet/eleifend/pede/libero.xml?quam=hendrerit&fringilla=at&rhoncus=vulputate&mauris=vitae&enim=nisl&leo=aenean&rhoncus=lectus&sed=pellentesque&vestibulum=eget&sit=nunc&amet=donec&cursus=quis&id=orci&turpis=eget&integer=orci&aliquet=vehicula&massa=condimentum&id=curabitur&lobortis=in&convallis=libero,779,1.7,"Syntax error in formula 'if (random(1, 5) == 1) { null } else { random(50, 500) }'"
53,Germana,"Mauris enim leo, rhoncus sed, vestibulum sit amet, cursus id, turpis. Integer aliquet, massa id lobortis convallis, tortor risus dapibus augue, vel accumsan tellus nisi eu orci. Mauris lacinia sapien quis libero.

Nullam sit amet turpis elementum ligula vehicula consequat. Morbi a ipsum. Integer a nibh.

In quis justo. Maecenas rhoncus aliquam lacus. Morbi quis tortor id nulla ultrices aliquet.",https://ca.gov/mauris/morbi/non/lectus/aliquam/sit/amet.js?in=felis&libero=fusce&ut=posuere&massa=felis&volutpat=sed&convallis=lacus&morbi=morbi&odio=sem&odio=mauris&elementum=laoreet&eu=ut&interdum=rhoncus&eu=aliquet&tincidunt=pulvinar&in=sed&leo=nisl&maecenas=nunc&pulvinar=rhoncus&lobortis=dui&est=vel&phasellus=sem&sit=sed&amet=sagittis&erat=nam&nulla=congue&tempus=risus&vivamus=semper&in=porta&felis=volutpat&eu=quam&sapien=pede&cursus=lobortis&vestibulum=ligula&proin=sit&eu=amet&mi=eleifend&nulla=pede&ac=libero&enim=quis&in=orci&tempor=nullam&turpis=molestie&nec=nibh&euismod=in&scelerisque=lectus&quam=pellentesque&turpis=at&adipiscing=nulla&lorem=suspendisse&vitae=potenti&mattis=cras&nibh=in&ligula=purus&nec=eu&sem=magna&duis=vulputate&aliquam=luctus&convallis=cum&nunc=sociis&proin=natoque&at=penatibus&turpis=et&a=magnis&pede=dis&posuere=parturient&nonummy=montes&integer=nascetur&non=ridiculus&velit=mus&donec=vivamus&diam=vestibulum,552,1.7,"Syntax error in formula 'if (random(1, 5) == 1) { null } else { random(50, 500) }'"
54,Holly-anne,"Integer ac leo. Pellentesque ultrices mattis odio. Donec vitae nisi.

Nam ultrices, libero non mattis pulvinar, nulla pede ullamcorper augue, a suscipit nulla elit ac nulla. Sed vel enim sit amet nunc viverra dapibus. Nulla suscipit ligula in lacus.

Curabitur at ipsum ac tellus semper interdum. Mauris ullamcorper purus sit amet nulla. Quisque arcu libero, rutrum ac, lobortis vel, dapibus at, diam.",https://istockphoto.com/pretium/quis/lectus/suspendisse/potenti/in.json?ut=amet&massa=consectetuer&quis=adipiscing&augue=elit&luctus=proin&tincidunt=interdum&nulla=mauris&mollis=non&molestie=ligula&lorem=pellentesque&quisque=ultrices&ut=phasellus&erat=id&curabitur=sapien&gravida=in&nisi=sapien&at=iaculis&nibh=congue&in=vivamus&hac=metus&habitasse=arcu&platea=adipiscing&dictumst=molestie&aliquam=hendrerit&augue=at&quam=vulputate&sollicitudin=vitae&vitae=nisl&consectetuer=aenean&eget=lectus&rutrum=pellentesque&at=eget&lorem=nunc&integer=donec&tincidunt=quis&ante=orci&vel=eget&ipsum=orci&praesent=vehicula&blandit=condimentum&lacinia=curabitur&erat=in&vestibulum=libero&sed=ut&magna=massa,136,4.0,"Syntax error in formula 'if (random(1, 5) == 1) { null } else { random(50, 500) }'"
55,Arlyne,"In sagittis dui vel nisl. Duis ac nibh. Fusce lacus purus, aliquet at, feugiat non, pretium quis, lectus.

Suspendisse potenti. In eleifend quam a odio. In hac habitasse platea dictumst.",http://scientificamerican.com/ipsum/primis/in/faucibus.jpg?non=sem&velit=sed&nec=sagittis&nisi=nam&vulputate=congue&nonummy=risus&maecenas=semper&tincidunt=porta&lacus=volutpat&at=quam&velit=pede&vivamus=lobortis&vel=ligula&nulla=sit&eget=amet&eros=eleifend&elementum=pede&pellentesque=libero&quisque=quis&porta=orci&volutpat=nullam&erat=molestie&quisque=nibh&erat=in&eros=lectus&viverra=pellentesque&eget=at&congue=nulla&eget=suspendisse&semper=potenti&rutrum=cras&nulla=in&nunc=purus&purus=eu&phasellus=magna&in=vulputate&felis=luctus&donec=cum&semper=sociis&sapien=natoque&a=penatibus&libero=et&nam=magnis&dui=dis&proin=parturient&leo=montes&odio=nascetur&porttitor=ridiculus&id=mus&consequat=vivamus&in=vestibulum&consequat=sagittis&ut=sapien&nulla=cum&sed=sociis&accumsan=natoque&felis=penatibus&ut=et&at=magnis&dolor=dis&quis=parturient&odio=montes&consequat=nascetur&varius=ridiculus&integer=mus&ac=etiam&leo=vel&pellentesque=augue&ultrices=vestibulum&mattis=rutrum,890,3.6,"Syntax error in formula 'if (random(1, 5) == 1) { null } else { random(50, 500) }'"
